Age,YearsExperience,EducationLevel,Salary
28,1,Master,56512
35,8,Master,91587
55,5,Bachelor,70520
22,1,Bachelor,47779
59,1,Bachelor,69731
55,26,Bachelor,153154
38,0,Master,56615
48,21,Bachelor,126027
42,6,HighSchool,60584
43,22,Bachelor,136723
23,2,Bachelor,59443
45,5,Bachelor,78588
60,23,Bachelor,147043
25,2,Master,67165
39,5,Master,86196
27,6,Bachelor,69915
44,10,Bachelor,85432
38,4,Bachelor,60803
55,15,HighSchool,103216
38,17,Master,117098
41,3,Bachelor,56525
41,20,Bachelor,118956
57,20,Bachelor,131679
46,25,HighSchool,129787
36,15,Bachelor,107739
58,27,Master,165043
44,14,PhD,120266
53,31,HighSchool,152771
28,7,Bachelor,76477
48,27,HighSchool,141752
59,29,Bachelor,171910
56,0,Master,64876
55,17,Master,127573
28,7,Bachelor,70933
21,0,PhD,69983
32,11,PhD,115762
40,19,Bachelor,114758
30,9,Master,90337
54,0,Bachelor,60005
22,1,PhD,75896
40,15,HighSchool,103885
57,5,HighSchool,70962
25,4,Master,63603
51,30,HighSchool,156145
59,27,PhD,186219
55,12,Master,111037
44,23,Master,144897
28,7,Bachelor,69039
22,1,Bachelor,49141
35,0,HighSchool,44839
24,3,HighSchool,40014
42,4,Bachelor,64562
52,13,Bachelor,108351
57,36,Bachelor,192355
51,26,HighSchool,135088
48,22,Bachelor,133651
24,3,HighSchool,51431
42,6,Bachelor,70116
55,28,HighSchool,145506
38,17,Bachelor,118626
25,4,Master,75524
56,6,HighSchool,74856
21,0,PhD,71405
36,10,Bachelor,85886
34,13,PhD,112197
45,0,PhD,73845
50,18,Bachelor,128684
56,31,HighSchool,158361
34,3,Bachelor,61383
24,3,HighSchool,49071
51,30,PhD,186201
31,3,PhD,74312
32,4,Bachelor,66062
36,15,HighSchool,102086
57,15,Bachelor,106651
60,5,Bachelor,82062
57,33,Bachelor,173272
34,13,Bachelor,93984
29,8,Bachelor,82721
25,0,Bachelor,46724
27,4,Bachelor,60788
37,8,PhD,107932
25,4,Bachelor,54084
49,28,Master,167521
54,0,Master,71086
40,6,PhD,90200
37,7,Master,90163
56,9,Bachelor,94409
34,13,Bachelor,97891
37,16,Bachelor,114333
24,3,Bachelor,61088
38,2,HighSchool,55634
29,8,PhD,92147
49,28,Master,166689
21,0,HighSchool,41968
30,9,HighSchool,69549
58,35,HighSchool,170588
23,2,Bachelor,58787
23,2,Bachelor,47588
27,6,Master,83985
47,26,Master,164667
36,10,PhD,113283
32,11,HighSchool,83567
42,21,Master,143656
36,15,HighSchool,98989
27,6,Master,83567
51,14,HighSchool,106547
50,22,Bachelor,140030
35,14,HighSchool,86664
46,21,Bachelor,122637
38,17,Bachelor,110048
55,21,PhD,149889
37,11,Bachelor,86349
23,2,Bachelor,49163
41,20,Bachelor,123879
28,7,Master,76614
37,2,Master,60527
54,33,Master,192905
33,12,Bachelor,99046
42,21,Bachelor,133393
28,7,Bachelor,74426
47,20,Bachelor,123344
56,8,HighSchool,83894
45,11,Bachelor,90930
46,25,Master,150478
39,13,Bachelor,99502
59,20,Bachelor,131744
34,13,Bachelor,102264
31,5,Bachelor,68876
60,21,HighSchool,136097
36,15,Bachelor,98762
30,1,HighSchool,43284
60,4,Bachelor,83518
57,12,Master,111791
52,25,Bachelor,149248
21,0,Master,49085
32,11,Bachelor,88632
36,7,Bachelor,80630
50,29,PhD,183255
41,20,Bachelor,127284
53,27,Master,164976
49,10,Master,102277
49,16,Master,129260
38,17,Bachelor,107419
38,17,HighSchool,100181
36,15,Bachelor,110131
55,5,HighSchool,65788
45,9,Master,90052
47,26,Bachelor,147133
47,3,Bachelor,65883
45,24,PhD,153820
57,24,Bachelor,152945
43,19,Master,136982
47,26,Master,158447
59,14,Bachelor,107971
48,27,HighSchool,141007
46,10,Master,108065
29,8,Bachelor,82359
46,25,Bachelor,135944
26,5,HighSchool,55064
32,3,Bachelor,56863
34,13,Bachelor,99971
45,17,Master,130630
47,16,Master,122205
22,1,HighSchool,47096
43,14,Master,118299
23,1,PhD,65266
22,1,HighSchool,33568
51,7,Bachelor,78571
50,16,Master,118749
59,38,PhD,221269
28,7,PhD,87271
58,1,PhD,88933
45,24,PhD,156749
25,4,Master,71776
36,6,Master,78941
59,7,Master,98272
23,2,Bachelor,54338
44,4,Bachelor,66590
21,0,Master,47229
48,23,Bachelor,143077
50,9,Bachelor,93522
54,17,Bachelor,126567
55,30,Bachelor,171028
58,17,Bachelor,117522
26,5,Master,69495
50,29,Bachelor,157709
42,1,Bachelor,54825
32,11,Bachelor,92571
37,16,Bachelor,109267
38,17,HighSchool,111033
33,5,Bachelor,65658
52,31,Master,180814
51,30,Bachelor,155782
26,5,Bachelor,66834
36,15,Master,111546
51,30,Bachelor,162471
56,21,Bachelor,133934
38,17,Bachelor,105476
33,12,HighSchool,84279
32,11,Bachelor,87433
38,17,PhD,134095
59,18,PhD,153141
33,12,Bachelor,86439
40,0,Master,57073
38,2,PhD,82066
39,8,Bachelor,84833
52,6,Master,91405
39,18,Bachelor,113082
32,3,Bachelor,65618
51,7,Master,91565
52,4,Bachelor,76246
24,3,HighSchool,48721
40,5,PhD,86440
56,26,Bachelor,156955
60,14,Master,120232
49,28,Bachelor,157142
48,19,Bachelor,116486
60,6,PhD,101404
34,13,Master,100073
36,11,Bachelor,84064
21,0,Bachelor,45229
51,18,HighSchool,110220
39,18,HighSchool,103324
37,16,Bachelor,112671
33,12,HighSchool,79183
30,9,Master,82669
24,3,Master,67249
57,18,Bachelor,124179
40,19,PhD,141699
55,31,Bachelor,170798
23,2,Master,63391
37,1,HighSchool,54759
57,36,PhD,214029
38,17,HighSchool,107890
32,11,Bachelor,86745
38,11,PhD,111641
52,5,Bachelor,75190
42,20,Master,140053
31,10,Bachelor,83617
39,18,Master,126512
23,2,HighSchool,39635
41,7,PhD,98622
53,0,Master,70389
50,26,HighSchool,141494
44,23,Master,147746
49,3,Bachelor,68998
29,8,Bachelor,78940
52,7,HighSchool,77822
59,15,Master,122091
56,0,Bachelor,54527
35,7,Bachelor,68924
30,9,PhD,98281
53,17,Bachelor,118905
51,15,Bachelor,105369
45,12,PhD,119827
29,4,Bachelor,66443
47,21,PhD,152318
38,0,Bachelor,48891
58,37,PhD,213522
30,9,Bachelor,77154
42,21,Master,135680
50,20,Master,141427
36,15,Bachelor,109524
47,2,Bachelor,63249
45,24,PhD,166482
30,9,PhD,95568
53,32,Bachelor,165144
49,6,Bachelor,77986
21,0,Bachelor,46227
30,4,Bachelor,69879
37,16,Bachelor,106012
26,5,Master,79579
55,24,PhD,168769
52,31,HighSchool,152621
36,15,Master,110208
35,5,Bachelor,61612
27,6,HighSchool,56406
22,1,Bachelor,40419
39,18,Bachelor,109885
36,15,Bachelor,106670
32,10,HighSchool,77985
45,24,Master,149653
58,9,Bachelor,95951
37,16,Bachelor,99653
50,18,Master,125588
25,4,PhD,83126
40,19,PhD,144810
37,16,Master,112763
45,24,HighSchool,129748
57,22,Bachelor,141956
39,1,PhD,80784
46,17,HighSchool,113673
24,3,Master,71145
39,14,Bachelor,99272
35,14,HighSchool,87606
29,8,HighSchool,69780
23,2,Master,54046
58,23,Master,145976
39,18,Master,120377
33,8,Master,93859
44,23,Bachelor,131965
31,10,PhD,112969
51,18,Master,129049
28,7,PhD,87806
35,14,PhD,126682
56,23,HighSchool,131964
21,0,Bachelor,42951
44,16,Bachelor,116474
44,6,Master,85724
22,1,Master,58698
41,20,Bachelor,116535
50,19,Bachelor,118411
29,2,PhD,73486
52,7,HighSchool,82036
55,8,Bachelor,86578
55,26,Bachelor,155404
30,9,Master,95159
52,31,Bachelor,175089
38,2,Master,64559
49,28,PhD,183515
44,6,PhD,96018
55,22,HighSchool,126020
33,7,PhD,101503
50,5,Master,88013
59,1,HighSchool,55464
36,8,Master,84362
25,4,Bachelor,55038
35,14,Master,114421
59,0,Bachelor,56870
29,8,Bachelor,70358
28,1,HighSchool,40369
36,15,Bachelor,98354
37,3,HighSchool,52897
54,7,Master,94302
49,23,Bachelor,131786
49,28,Bachelor,157577
23,2,Bachelor,54040
22,1,PhD,75382
46,25,Master,153532
49,4,Master,78777
59,9,HighSchool,82505
60,39,Bachelor,203167
41,20,PhD,146192
39,18,Bachelor,114548
27,6,Master,80164
56,13,Bachelor,113050
35,14,Bachelor,98930
46,25,Master,150620
48,20,Master,135132
30,9,HighSchool,77127
26,5,Bachelor,67699
44,8,Bachelor,84608
56,35,Bachelor,177502
47,22,Master,150919
48,3,PhD,91337
40,19,HighSchool,111813
34,9,Master,87174
27,6,Master,75522
28,7,Bachelor,76725
48,27,PhD,178909
60,39,Master,210621
22,1,PhD,75089
38,1,HighSchool,51013
40,19,Bachelor,114472
30,9,Master,82640
30,9,PhD,95003
54,13,Bachelor,104932
42,10,Bachelor,92822
41,20,Bachelor,129972
24,3,HighSchool,49622
24,3,Bachelor,58345
48,27,Bachelor,150285
38,13,Master,101364
43,22,HighSchool,126611
58,31,Bachelor,167553
23,2,Bachelor,53319
24,0,Bachelor,52488
34,8,Master,84742
41,7,HighSchool,74239
48,11,HighSchool,88225
35,14,Bachelor,102445
43,4,Bachelor,72657
23,2,HighSchool,50592
25,4,Bachelor,60894
46,25,Bachelor,137387
46,1,PhD,76315
60,29,Master,181569
44,5,Bachelor,66234
36,15,Bachelor,104084
26,5,Master,77719
42,14,Bachelor,97754
25,4,Bachelor,60193
53,12,PhD,121224
43,9,Bachelor,80399
37,12,HighSchool,80004
25,4,PhD,83788
52,29,Master,174949
58,28,Master,176451
57,36,PhD,206795
41,9,Bachelor,84682
49,28,Bachelor,152000
58,3,Bachelor,65715
40,19,Bachelor,112432
44,18,HighSchool,116159
26,5,Bachelor,61799
50,29,Bachelor,164473
23,2,PhD,74866
33,12,Bachelor,91714
30,3,Bachelor,63786
42,5,Bachelor,66327
23,2,Master,60699
54,33,Bachelor,173462
44,18,Bachelor,122688
42,21,HighSchool,121836
42,4,Bachelor,69141
45,18,Bachelor,124452
59,9,Bachelor,95547
30,9,Bachelor,82248
46,8,Bachelor,91368
26,5,Bachelor,66042
42,8,Master,97581
54,5,Bachelor,76437
53,23,HighSchool,129060
32,11,Bachelor,92052
52,12,Bachelor,95253
30,4,Bachelor,66912
27,6,Master,83182
54,2,Master,83358
60,8,Bachelor,85527
31,10,Master,98133
60,10,Master,100715
47,23,Master,142891
49,28,Bachelor,159764
49,14,Bachelor,103570
51,12,Bachelor,108017
57,28,Bachelor,156116
45,24,Bachelor,147331
31,10,Master,87767
37,3,Bachelor,68321
44,23,PhD,161155
54,7,Bachelor,89002
31,10,Bachelor,83910
30,9,HighSchool,78417
35,14,Master,116744
22,1,HighSchool,39724
44,15,Bachelor,100837
44,14,HighSchool,103250
27,6,Master,71754
23,2,PhD,73240
29,8,Bachelor,67586
26,1,Bachelor,55180
30,9,PhD,103475
54,27,HighSchool,143220
36,15,HighSchool,91406
47,26,Master,156989
25,4,Master,69689
59,34,HighSchool,173943
57,15,Master,120772
48,0,Bachelor,52941
57,26,HighSchool,147448
26,5,PhD,78608
54,33,Bachelor,175816
56,1,Bachelor,64202
23,2,Bachelor,49616
37,1,Bachelor,48106
43,15,Master,119293
27,6,Master,74947
29,2,Bachelor,52046
32,11,PhD,109340
32,8,HighSchool,73717
50,2,Bachelor,57717
33,2,Bachelor,53580
53,25,PhD,169897
51,16,HighSchool,109098
33,12,Bachelor,96293
24,3,Bachelor,60596
44,23,Master,149678
49,24,Bachelor,136560
52,31,Bachelor,172562
54,17,Master,133412
48,5,Bachelor,79973
32,11,Bachelor,81180
26,5,Master,70521
49,28,Master,160230
49,22,Bachelor,138408
43,22,PhD,149998
24,3,Master,64155
44,23,Master,148631
31,1,HighSchool,45954
49,2,HighSchool,52366
44,23,Bachelor,136793
23,2,HighSchool,42871
44,23,Bachelor,128759
57,8,Bachelor,88021
41,17,Bachelor,106858
22,1,Bachelor,45840
56,7,Bachelor,81764
49,13,PhD,121678
52,12,HighSchool,98972
25,4,HighSchool,55187
49,5,Master,92852
41,20,Master,134511
55,18,Master,139448
31,10,HighSchool,73422
53,14,HighSchool,95792
29,8,Master,77930
44,23,Bachelor,135157
56,8,Bachelor,82412
25,4,Bachelor,63246
51,30,Bachelor,162208
57,4,HighSchool,64694
25,4,Bachelor,59976
43,8,Master,97283
56,35,Bachelor,188079
29,8,Bachelor,81724
24,3,Bachelor,52482
31,10,Bachelor,87121
35,14,PhD,122001
39,5,Bachelor,72404
56,17,HighSchool,109461
60,34,HighSchool,176501
31,10,PhD,100026
31,10,Master,95414
42,21,HighSchool,125652
22,1,HighSchool,42009
57,16,Master,132065
57,26,Bachelor,144996
52,31,Bachelor,170017
40,19,Bachelor,124727
46,19,Bachelor,125782
24,3,Bachelor,55433
50,13,Bachelor,97853
41,20,Master,139602
43,22,HighSchool,121570
53,32,HighSchool,159460
50,7,Bachelor,78561
30,6,HighSchool,68489
45,24,Bachelor,147272
31,10,PhD,109314
41,12,Master,105663
53,29,Bachelor,158055
52,1,HighSchool,52942
53,29,PhD,178524
58,22,HighSchool,127609
52,31,Master,180219
51,18,Bachelor,127380
27,6,HighSchool,55833
44,23,Bachelor,134063
24,3,Bachelor,53439
56,18,HighSchool,116261
49,28,Bachelor,157711
60,7,HighSchool,73084
46,23,Master,144055
56,23,Master,146761
59,32,Bachelor,167159
23,2,HighSchool,40956
51,30,Bachelor,165432
53,8,Bachelor,89544
41,10,Bachelor,90600
40,19,Bachelor,125070
53,32,Bachelor,172722
40,19,Master,127535
42,7,PhD,102063
40,19,HighSchool,111275
37,16,Bachelor,111319
24,3,Bachelor,56089
60,24,HighSchool,142153
36,2,Bachelor,61477
28,7,HighSchool,60639
47,9,Bachelor,83340
47,26,Master,164581
51,3,Master,79498
34,13,Bachelor,98349
51,30,Bachelor,171174
32,11,PhD,107108
55,22,Master,153715
37,16,Bachelor,115185
36,15,Bachelor,99184
40,18,Master,129308
52,20,Bachelor,130183
38,17,HighSchool,106585
55,24,Master,152964
43,9,Bachelor,82712
26,5,PhD,88247
37,16,Bachelor,113065
55,17,PhD,145406
38,8,HighSchool,76138
58,15,Bachelor,117474
54,14,Bachelor,101860
27,6,Bachelor,67239
27,6,HighSchool,60516
31,10,Master,99928
51,30,Master,177884
39,18,Bachelor,108469
26,5,Bachelor,67602
23,2,Bachelor,57223
32,2,PhD,76504
52,11,PhD,127263
39,2,HighSchool,52805
59,6,PhD,102989
39,18,PhD,138401
54,31,Master,172698
53,29,Bachelor,166251
28,7,HighSchool,63018
37,11,HighSchool,79523
39,18,Master,120664
32,11,Master,104197
46,25,Bachelor,136921
46,6,HighSchool,63303
51,20,PhD,142611
37,16,Bachelor,111849
38,17,Bachelor,115343
57,0,Bachelor,59390
36,3,Master,71125
40,10,Bachelor,88233
40,7,Bachelor,84911
39,18,Bachelor,111090
29,8,HighSchool,71750
59,23,Bachelor,143998
51,30,Master,179026
34,13,Master,107261
26,5,Bachelor,67030
44,4,PhD,84838
24,3,PhD,72812
57,34,HighSchool,169875
54,28,HighSchool,145365
58,31,HighSchool,162861
49,3,Bachelor,68409
47,26,Bachelor,148655
50,19,Master,132987
37,0,Master,62975
25,2,Bachelor,55975
25,4,PhD,88812
25,4,HighSchool,50198
32,8,Master,90948
47,23,PhD,157266
49,24,Bachelor,144685
55,8,Master,96197
28,7,PhD,91939
54,8,Master,93648
21,0,PhD,65085
55,27,Bachelor,160489
35,14,Bachelor,94041
38,12,PhD,119878
28,2,Master,62868
60,1,Bachelor,59602
27,6,HighSchool,61294
24,3,Master,64090
49,14,Bachelor,110859
24,3,Bachelor,52239
35,14,Bachelor,101296
41,15,Bachelor,100347
54,14,Bachelor,105508
24,3,PhD,83913
32,11,Master,98607
52,3,PhD,98926
45,24,Bachelor,138321
47,9,Bachelor,83012
55,30,Bachelor,161192
40,9,Master,101487
24,3,Bachelor,54324
56,33,HighSchool,164478
37,13,Bachelor,90295
49,23,HighSchool,133871
33,3,Bachelor,63037
59,38,HighSchool,180692
33,12,Master,102656
34,13,Bachelor,102360
42,19,PhD,134751
34,12,PhD,107922
51,15,Master,124530
34,13,PhD,118545
41,18,Bachelor,117243
43,19,Bachelor,121401
52,29,HighSchool,156336
51,20,PhD,148573
41,20,HighSchool,121657
35,9,HighSchool,75065
58,37,Master,198336
30,9,Bachelor,77723
57,15,Bachelor,116725
42,16,Master,120005
52,29,HighSchool,157524
43,10,HighSchool,82454
52,11,PhD,120382
24,3,HighSchool,53372
25,3,Master,64756
29,8,Bachelor,79086
30,0,Bachelor,47471
44,3,Bachelor,68424
60,30,Master,170257
21,0,Bachelor,35694
22,1,Master,58277
39,1,Bachelor,59433
48,11,HighSchool,81078
54,9,Bachelor,93654
54,16,Master,122379
46,5,Bachelor,72152
50,29,Bachelor,162923
35,14,Master,115391
26,2,HighSchool,43213
45,24,Bachelor,141932
21,0,HighSchool,41349
48,21,Bachelor,136556
27,6,PhD,85264
34,13,Bachelor,88262
25,4,Master,70732
23,2,PhD,70652
22,1,Bachelor,51824
46,4,Bachelor,71239
36,15,Master,111875
55,21,Bachelor,138119
29,5,Bachelor,72963
43,3,HighSchool,52803
25,4,Bachelor,61557
59,25,PhD,169347
22,1,Bachelor,46881
52,14,Bachelor,115419
45,24,HighSchool,133098
45,5,Master,79839
36,4,HighSchool,51526
45,24,HighSchool,129883
41,20,HighSchool,107585
40,19,Bachelor,115919
27,6,HighSchool,58561
49,28,Bachelor,154185
27,1,HighSchool,43080
26,5,Bachelor,60815
45,0,Bachelor,53853
26,5,PhD,81477
57,33,HighSchool,167237
31,8,Bachelor,72897
52,9,HighSchool,81621
38,17,Bachelor,116323
25,4,Bachelor,55540
52,31,Bachelor,167001
27,6,Bachelor,75045
46,21,Master,137724
42,21,Bachelor,132860
59,8,Bachelor,92383
33,12,Bachelor,99303
46,20,Bachelor,129386
52,31,Master,174839
45,17,Master,123437
44,7,PhD,96773
58,34,HighSchool,177576
56,1,PhD,86063
34,13,Master,111119
25,4,Master,63780
40,15,Bachelor,100025
48,24,HighSchool,134796
51,30,Bachelor,163800
47,26,HighSchool,147366
44,23,Bachelor,142481
26,5,Master,76274
43,10,Bachelor,82225
57,25,PhD,168432
48,6,HighSchool,66239
35,14,Master,110642
58,36,Bachelor,186129
46,25,Master,155143
53,9,Bachelor,83402
51,6,Bachelor,86582
26,5,Master,77462
30,9,Bachelor,78960
34,13,Bachelor,95301
27,6,Master,76912
41,4,Bachelor,72774
28,1,Master,63116
27,6,PhD,93632
36,15,HighSchool,90123
42,21,Bachelor,127070
35,14,Bachelor,94553
48,25,HighSchool,138561
33,12,Bachelor,89870
21,0,Bachelor,47826
25,4,HighSchool,57786
55,11,Bachelor,94228
50,7,Bachelor,88633
52,31,PhD,186634
59,24,Bachelor,148117
28,7,Bachelor,71001
60,11,Master,115066
40,19,Bachelor,122511
29,8,HighSchool,64503
28,7,Bachelor,65816
53,24,Bachelor,137758
57,24,Bachelor,145473
55,11,Bachelor,99022
39,8,HighSchool,78295
49,28,HighSchool,145382
21,0,HighSchool,40856
45,24,Bachelor,139609
47,26,Bachelor,153260
49,28,HighSchool,148763
22,1,Bachelor,44003
35,14,Bachelor,104291
50,29,Master,174048
52,31,Bachelor,168883
28,7,Master,86988
44,23,Master,138181
49,28,Bachelor,154465
27,6,Bachelor,60028
49,16,Bachelor,118881
26,5,Master,67423
36,13,Master,108132
43,22,Bachelor,126219
60,8,Master,106328
34,3,Bachelor,61220
38,17,Bachelor,108802
39,18,Bachelor,123104
53,6,HighSchool,76789
47,3,PhD,95205
29,8,Bachelor,79155
41,15,Master,119079
46,25,HighSchool,137861
38,17,Bachelor,110905
25,4,Master,74097
26,5,Bachelor,60058
44,23,PhD,154862
58,0,Master,77879
26,5,Bachelor,66924
43,4,Master,77016
34,13,Master,105605
38,17,Master,119033
56,35,HighSchool,181466
52,21,Master,146988
24,2,HighSchool,48843
50,1,HighSchool,59551
31,10,Bachelor,91196
48,12,PhD,127899
29,8,HighSchool,74781
38,5,Master,75602
26,5,Master,76131
31,3,Bachelor,56005
35,14,Master,113029
27,0,Bachelor,39776
29,8,Bachelor,78640
49,0,HighSchool,47129
28,7,Master,81326
25,4,Bachelor,63472
27,6,Bachelor,73934
40,8,Bachelor,86326
29,8,HighSchool,68728
21,0,Master,52710
43,13,Bachelor,94480
47,26,Master,163589
34,5,Master,71793
28,7,Master,79259
48,20,Master,133059
38,5,Bachelor,71346
59,38,Bachelor,202921
22,1,Bachelor,49443
53,12,Master,108342
24,3,Bachelor,49347
36,15,Bachelor,96663
54,0,PhD,89301
41,8,Bachelor,87245
57,26,Bachelor,155689
32,11,PhD,114121
25,1,Bachelor,41225
37,13,HighSchool,81990
46,25,Bachelor,147175
53,26,Bachelor,149090
26,5,Bachelor,65593
30,9,HighSchool,64794
53,13,PhD,121545
55,20,Bachelor,132892
25,4,Master,73459
36,3,Bachelor,68649
48,7,Bachelor,83475
24,3,Master,68281
32,7,HighSchool,59748
21,0,Bachelor,41180
54,33,Master,189309
37,10,Bachelor,90784
38,7,Master,78980
42,21,Bachelor,120546
37,16,Bachelor,107628
50,29,Bachelor,159685
57,10,Bachelor,92679
27,6,Master,71389
35,14,HighSchool,97568
21,0,HighSchool,33463
45,9,HighSchool,86734
23,2,Master,65198
47,14,Bachelor,104319
41,17,Master,124364
44,7,Bachelor,86277
24,3,Bachelor,55950
23,2,HighSchool,43120
39,18,Bachelor,116561
50,0,Bachelor,54777
57,19,Master,133974
50,23,Bachelor,138583
33,12,Master,97516
30,0,PhD,62391
35,14,Bachelor,105255
21,0,HighSchool,38269
45,19,HighSchool,114680
36,15,Bachelor,96481
30,9,HighSchool,78594
35,14,Bachelor,106173
44,23,PhD,150891
58,6,Bachelor,85440
46,4,Bachelor,63020
48,8,Bachelor,81276
41,20,Master,137548
41,20,Bachelor,119327
25,4,HighSchool,56118
58,6,HighSchool,69693
49,28,Bachelor,149478
55,22,PhD,154901
49,19,Bachelor,129967
28,5,HighSchool,59740
40,19,HighSchool,117195
41,9,HighSchool,73066
43,22,Bachelor,134594
40,16,Master,113848
22,1,Master,58608
56,15,HighSchool,99169
29,7,HighSchool,69604
35,8,HighSchool,69063
44,23,PhD,150876
58,37,Bachelor,196816
25,1,PhD,66239
49,8,HighSchool,83381
42,7,HighSchool,70052
24,3,PhD,76596
46,25,HighSchool,138693
48,11,Bachelor,102381
32,11,Bachelor,93974
30,2,Bachelor,57108
36,15,Bachelor,109963
56,30,HighSchool,154583
45,8,Bachelor,86029
54,15,Bachelor,117642
55,1,PhD,90810
43,22,Bachelor,131440
43,22,Bachelor,129863
38,11,HighSchool,84283
35,1,Master,68755
38,3,Master,72228
54,22,Master,142813
31,6,Bachelor,65451
38,17,Master,128528
24,3,Bachelor,60564
45,22,PhD,160348
32,11,Bachelor,84710
43,22,HighSchool,126977
43,22,Bachelor,132725
33,12,Bachelor,86376
52,2,HighSchool,53811
59,14,HighSchool,103331
21,0,PhD,60800
29,8,Master,92553
41,3,HighSchool,57611
30,7,Master,88601
44,4,Bachelor,76432
46,25,HighSchool,132444
41,8,PhD,107498
48,27,PhD,176136
41,11,Master,103207
60,22,Bachelor,141649
32,11,Bachelor,90780
39,8,HighSchool,64529
57,25,Master,163629
57,2,HighSchool,57713
60,14,Bachelor,105705
52,9,Bachelor,83774
36,15,PhD,120250
26,5,Master,71000
49,0,Bachelor,53588
25,4,Bachelor,53270
21,0,Bachelor,47502
47,10,Master,101578
45,22,Bachelor,126161
51,30,Master,176758
35,10,Bachelor,90594
23,2,HighSchool,39778
27,4,Bachelor,67047
45,10,Master,101462
26,5,Bachelor,65553
51,1,Bachelor,64709
31,10,Master,88073
24,3,Bachelor,63464
33,12,Master,105329
55,16,Master,123372
36,6,HighSchool,65367
56,31,HighSchool,159411
21,0,HighSchool,40998
59,30,HighSchool,151921
34,10,Bachelor,78342
51,7,Bachelor,81512
51,30,Master,169841
26,5,Bachelor,61578
45,23,HighSchool,120731
37,16,Bachelor,103206
38,17,HighSchool,107824
27,5,Master,79241
55,26,PhD,175162
35,14,HighSchool,89842
54,26,PhD,176256
51,30,Master,173303
40,5,Bachelor,76490
23,2,Bachelor,51967
57,36,HighSchool,187052
49,11,PhD,112738
34,12,HighSchool,82936
26,5,Bachelor,68976
30,9,Bachelor,86422
25,4,Bachelor,58010
56,20,Master,141514
50,0,Master,70208
58,33,Master,181343
47,9,HighSchool,81632
58,6,PhD,106219
27,6,Master,83920
43,22,Bachelor,134228
52,31,Bachelor,160113
32,11,Bachelor,89629
59,25,HighSchool,148574
42,15,HighSchool,98285
38,17,HighSchool,108892
40,19,Bachelor,119554
27,6,HighSchool,67461
49,20,Bachelor,126328
59,5,HighSchool,67463
47,26,Master,163708
44,3,Bachelor,60104
25,4,Master,68109
29,8,Master,77974
32,11,Master,92788
24,3,HighSchool,40328
44,12,Bachelor,102492
50,29,Bachelor,166623
28,1,Bachelor,50508
59,28,HighSchool,158761
51,30,Bachelor,161140
31,10,Master,96786
26,5,HighSchool,48313
31,10,Master,89011
35,14,Master,105908
47,26,HighSchool,144284
21,0,PhD,68106
32,11,Master,93166
37,16,Master,114504
38,17,Master,127452
43,22,Bachelor,131146
40,19,Master,128006
58,6,HighSchool,77852
44,23,Bachelor,137478
39,18,Master,125392
25,4,PhD,83995
41,17,Bachelor,116650
40,12,HighSchool,91541
36,3,Master,76645
59,25,Master,163153
29,1,Master,57843
37,16,Bachelor,111570
23,2,Master,62872
33,12,Master,97143
55,34,Master,196352
43,22,Bachelor,126285
56,11,Bachelor,99213
29,8,Master,86659
32,11,Master,93141
43,14,Master,110531
47,21,Bachelor,131593
39,18,Master,125209
24,3,Bachelor,62971
60,4,Bachelor,72187
53,7,Master,92253
54,19,Bachelor,132767
30,8,PhD,95614
47,26,Master,156996
30,9,Master,84454
26,5,Bachelor,58397
41,20,HighSchool,114906
38,13,Master,102262
57,10,Bachelor,101010
26,5,Bachelor,65879
48,25,Bachelor,144321
45,0,HighSchool,42767
44,0,Master,69400
54,12,HighSchool,86067
36,14,Master,107641
40,8,HighSchool,73246
58,19,HighSchool,125997
23,2,PhD,72969
54,33,Bachelor,174605
29,8,PhD,97531
43,12,HighSchool,95358
46,1,Bachelor,63413
29,8,Master,87161
53,10,HighSchool,90150
23,2,Master,57690
55,34,HighSchool,164285
27,1,HighSchool,35897
47,26,Bachelor,148466
37,16,Master,112866
21,0,Bachelor,37154
54,17,Bachelor,122980
29,8,Master,79218
53,32,HighSchool,157367
27,6,HighSchool,54772
37,16,PhD,127364
47,18,HighSchool,112480
52,13,Master,114375
42,15,HighSchool,101504
26,5,Master,76461
52,9,PhD,117271
53,4,Master,77159
37,14,Bachelor,97350
37,16,HighSchool,104823
32,2,Master,63901
41,20,Master,127056
23,0,Master,57368
31,10,Bachelor,82671
60,17,Master,126022
44,21,HighSchool,119066
46,25,Bachelor,141819
51,26,Bachelor,154556
31,7,HighSchool,68901
24,3,HighSchool,54429
58,30,Master,180114
49,11,Bachelor,100765
43,22,HighSchool,126714
29,8,PhD,91350
47,26,HighSchool,135786
41,0,Master,66607
54,33,Master,181169
42,21,Bachelor,130978
60,6,Bachelor,87905
36,15,Bachelor,106580
45,9,Master,98147
60,3,HighSchool,72808
31,10,Master,99457
52,10,HighSchool,86055
41,15,Bachelor,102557
24,3,Bachelor,58040
45,24,Master,142791
50,28,Master,165341
26,5,Bachelor,57444
52,1,HighSchool,53255
23,2,Bachelor,57031
26,5,PhD,87945
40,19,Bachelor,122224
50,21,Bachelor,124389
35,14,Bachelor,104073
60,38,Bachelor,198767
44,23,HighSchool,131940
35,0,Bachelor,56096
39,18,Bachelor,119003
27,2,Master,63567
29,8,HighSchool,69508
33,12,HighSchool,89462
46,13,Bachelor,106302
33,12,HighSchool,82290
23,2,Master,63147
28,7,Bachelor,73155
53,8,PhD,101571
54,3,Bachelor,69591
58,30,PhD,193797
32,11,HighSchool,84856
29,6,Bachelor,70339
59,20,Bachelor,130802
47,26,PhD,173990
36,15,Bachelor,101117
39,18,Master,119763
47,26,Master,161762
53,19,Master,136975
41,20,Bachelor,118791
34,13,Master,108749
43,8,PhD,107151
32,11,Bachelor,89934
41,7,Master,89212
51,30,Bachelor,166430
47,26,Bachelor,153382
48,0,Bachelor,49414
45,9,HighSchool,71927
33,12,Master,96136
39,16,HighSchool,93516
39,13,Master,100529
43,22,HighSchool,129721
56,14,Master,121195
45,15,Bachelor,113055
39,3,PhD,83349
47,20,PhD,141381
21,0,Bachelor,49735
49,14,PhD,132044
44,23,Bachelor,137385
33,12,Bachelor,86406
25,4,PhD,85543
53,7,Bachelor,83020
38,17,Bachelor,106136
58,16,HighSchool,109640
30,2,HighSchool,44285
59,3,Master,85246
60,19,Bachelor,130882
56,22,HighSchool,133594
41,20,Bachelor,118512
54,4,Master,78611
47,26,Bachelor,141006
43,14,Master,116368
42,21,Bachelor,123079
60,33,Bachelor,179696
21,0,Master,52801
36,15,PhD,121494
23,2,Bachelor,56545
28,7,Bachelor,75361
39,1,PhD,83469
44,23,Master,144800
52,2,Bachelor,68674
33,12,Bachelor,99035
27,6,PhD,94170
55,34,HighSchool,164572
34,13,Master,111671
48,6,Bachelor,83578
48,4,Master,75519
22,1,Master,50120
26,4,HighSchool,57012
37,16,HighSchool,104961
35,14,Bachelor,98891
46,25,Bachelor,141881
28,7,HighSchool,67301
60,4,Master,88594
23,2,Bachelor,51738
27,6,Master,74437
59,5,Bachelor,87182
49,24,Bachelor,144325
22,1,HighSchool,35102
29,8,Master,91417
55,18,PhD,139860
40,19,PhD,133682
56,35,HighSchool,168184
21,0,Bachelor,44300
56,5,Bachelor,82760
43,13,Bachelor,102582
53,9,HighSchool,78617
60,16,HighSchool,105971
57,3,Master,89275
56,29,Bachelor,155698
39,4,Bachelor,61734
58,31,PhD,190351
29,8,HighSchool,69650
25,4,Bachelor,58883
42,21,Master,140861
58,9,Bachelor,91471
41,20,HighSchool,112631
36,14,Master,112499
48,17,Master,120700
42,21,Bachelor,125377
40,19,Bachelor,114379
59,5,Master,96069
29,8,HighSchool,71518
25,4,Master,75419
53,32,HighSchool,165033
58,25,Master,154985
23,2,Bachelor,58147
55,30,Master,169935
44,23,Bachelor,140150
58,18,HighSchool,117210
53,5,Bachelor,77227
21,0,Master,58714
60,10,Master,102299
49,10,HighSchool,92043
57,9,Master,102921
43,2,Bachelor,61489
35,4,Bachelor,60334
23,2,Bachelor,56467
44,23,Bachelor,134948
23,2,PhD,70809
27,6,Bachelor,63980
37,16,Bachelor,102348
45,24,Bachelor,142204
25,4,Bachelor,67436
35,14,Bachelor,104889
43,22,Master,148035
59,0,Bachelor,56776
49,10,Bachelor,92930
38,13,HighSchool,84078
44,23,Master,139438
35,14,Master,113300
28,7,Master,81348
34,13,HighSchool,93153
47,1,Bachelor,54095
57,36,HighSchool,181814
53,2,Master,70906
24,3,Bachelor,50449
54,25,Bachelor,148734
22,1,PhD,65048
49,28,PhD,183709
51,10,Bachelor,92230
59,9,Master,109442
32,11,Master,93833
31,10,PhD,107273
58,4,Bachelor,74315
29,6,HighSchool,61064
53,26,Master,162420
27,6,Bachelor,69572
59,2,Master,80206
53,7,HighSchool,78803
29,8,Bachelor,67519
48,27,Bachelor,157833
23,2,Bachelor,58875
51,24,Bachelor,147682
57,6,Bachelor,78670
51,14,PhD,122873
39,18,Master,124195
37,12,HighSchool,89683
21,0,Bachelor,44015
21,0,Master,56768
41,20,Bachelor,118035
48,27,Bachelor,157507
55,27,Bachelor,157025
38,17,Master,120270
56,35,Bachelor,181565
56,35,Bachelor,180524
57,22,Master,147022
29,7,Master,81317
31,6,Bachelor,68062
42,21,Bachelor,130715
24,3,Bachelor,57918
21,0,Master,53227
59,27,HighSchool,145310
35,14,HighSchool,84118
45,24,Bachelor,140036
39,18,HighSchool,112174
32,11,Bachelor,79675
33,12,Bachelor,84050
59,32,Bachelor,170295
60,10,Master,105893
36,0,PhD,66422
38,17,Bachelor,109974
46,25,Bachelor,135751
25,4,Bachelor,63397
56,35,Bachelor,191282
38,14,Bachelor,96187
50,25,Bachelor,141777
32,11,Bachelor,88652
25,4,Bachelor,67015
28,7,PhD,99854
55,34,Bachelor,178754
45,24,Bachelor,135485
42,21,Master,144188
58,1,Bachelor,61724
25,4,Bachelor,55110
35,14,Bachelor,97285
54,33,HighSchool,173134
37,15,Bachelor,102536
42,4,Bachelor,62924
51,20,Bachelor,135152
57,17,HighSchool,117225
33,12,Master,97347
36,15,Bachelor,98822
36,15,Bachelor,108262
27,6,PhD,92572
52,31,HighSchool,165542
55,2,Master,75581
60,20,Bachelor,139434
57,17,Bachelor,125521
53,17,Bachelor,123290
57,8,HighSchool,86595
48,27,PhD,166033
53,22,Bachelor,139744
32,11,PhD,112940
54,29,Bachelor,153637
21,0,Bachelor,37150
41,20,Bachelor,119754
32,11,Bachelor,83913
51,30,Bachelor,158513
52,27,Bachelor,156980
44,23,Master,142081
49,11,Bachelor,97435
35,6,Master,86674
36,15,Bachelor,101740
33,9,Master,95100
30,9,Master,84393
47,26,HighSchool,146135
54,33,Master,190366
52,19,Bachelor,131565
57,3,Bachelor,75313
31,3,Bachelor,55166
51,30,HighSchool,159699
42,16,Bachelor,111180
56,16,Bachelor,115746
28,7,Master,89279
59,12,Bachelor,107147
55,11,PhD,117663
43,20,Master,134487
49,5,Bachelor,71694
50,29,PhD,187725
31,10,Master,91027
47,26,Bachelor,146131
25,4,HighSchool,47239
41,20,Master,137139
38,17,Bachelor,107944
49,23,Master,148535
49,26,HighSchool,146495
22,1,Master,60346
37,5,Bachelor,67505
27,6,HighSchool,65896
51,30,HighSchool,160130
46,25,Master,146863
27,6,Bachelor,60881
45,19,Bachelor,126084
39,18,Bachelor,109650
54,10,HighSchool,89871
43,20,Master,134154
55,17,Bachelor,114213
55,11,Bachelor,98480
57,27,Bachelor,158478
55,19,PhD,148891
55,14,Master,118739
40,19,Bachelor,114051
40,0,HighSchool,50359
29,8,Bachelor,76267
21,0,PhD,65316
40,0,Master,68073
39,18,Bachelor,107618
56,23,HighSchool,139953
56,27,Bachelor,150175
45,24,Bachelor,132797
48,27,Bachelor,156026
60,17,Bachelor,126672
55,17,Bachelor,125983
25,4,HighSchool,45308
50,29,Bachelor,162976
60,31,HighSchool,155817
30,3,PhD,72862
32,6,Bachelor,64048
49,0,Bachelor,51968
21,0,Bachelor,42385
40,19,PhD,141097
23,2,HighSchool,47797
30,3,Bachelor,56929
25,4,Bachelor,54648
37,16,Master,111498
36,15,Master,112757
36,2,HighSchool,54047
27,6,Master,72915
51,24,Master,149613
41,10,Bachelor,81191
56,33,HighSchool,168384
40,12,Bachelor,87853
34,7,Bachelor,73613
41,0,HighSchool,42023
58,7,Bachelor,82482
21,0,Bachelor,46817
51,30,HighSchool,160128
26,5,HighSchool,48997
60,21,PhD,162944
24,3,Bachelor,50021
55,6,HighSchool,69312
41,20,Master,137897
43,22,Master,133849
45,22,Master,138607
23,2,Master,62659
39,18,Master,120609
57,11,Bachelor,97303
50,17,Master,129308
56,10,HighSchool,82539
49,18,Master,131373
44,23,HighSchool,129953
53,24,Master,159965
22,1,Master,62214
60,15,Bachelor,108537
55,24,HighSchool,139693
52,31,HighSchool,156138
41,20,Bachelor,117309
27,6,Master,70217
29,8,Master,80810
27,6,HighSchool,52021
57,24,Master,156115
60,37,Bachelor,190502
35,14,Master,101714
34,13,PhD,123132
26,5,Master,66494
44,23,Master,152088
47,23,Master,139955
60,17,Bachelor,126530
25,4,HighSchool,47037
54,6,HighSchool,68784
55,24,HighSchool,137121
36,15,Bachelor,98431
56,35,Bachelor,177228
57,22,Master,152010
48,6,HighSchool,64955
56,25,Bachelor,151273
31,10,PhD,104758
43,20,Bachelor,121819
44,23,Master,144554
41,20,Bachelor,124439
34,13,Master,112673
37,16,PhD,128831
46,0,Master,62660
59,1,Bachelor,72587
40,0,Bachelor,48635
34,13,HighSchool,92966
38,17,Bachelor,112849
57,9,HighSchool,84542
43,9,HighSchool,76014
58,15,Bachelor,119788
40,5,Bachelor,71823
34,4,Master,78990
51,11,Bachelor,103729
57,6,Bachelor,79421
23,2,Bachelor,56281
24,3,Bachelor,60888
48,26,PhD,163974
35,14,PhD,123885
45,3,Bachelor,58674
41,20,Bachelor,120854
53,14,HighSchool,103536
46,25,Master,154924
53,5,Bachelor,73747
46,9,HighSchool,72852
51,30,Master,174480
46,16,HighSchool,104221
48,8,Master,94879
56,12,Bachelor,105686
57,12,Bachelor,107553
54,15,Bachelor,108862
48,20,Master,138437
26,5,Master,72439
44,22,HighSchool,121644
59,1,Master,70773
43,22,Master,146653
49,28,HighSchool,140235
35,12,Master,97055
26,5,Master,69482
60,9,Master,109937
39,0,Bachelor,57677
28,7,Bachelor,63872
42,13,Master,104971
34,13,Bachelor,91737
56,30,Bachelor,160315
22,1,Bachelor,50371
54,2,Bachelor,59984
39,12,Master,106624
38,3,Bachelor,69985
21,0,Bachelor,39945
44,6,HighSchool,74211
45,14,PhD,126831
27,6,Bachelor,69282
55,5,HighSchool,70202
50,29,PhD,173852
23,2,PhD,70495
42,21,Bachelor,122072
22,1,Master,55322
40,15,PhD,127712
38,3,Bachelor,68896
45,1,PhD,88550
38,14,HighSchool,99699
46,8,HighSchool,74262
54,33,Master,188747
35,14,Bachelor,94002
48,19,PhD,142895
49,28,HighSchool,150190
29,8,Bachelor,80608
33,8,Bachelor,81052
54,8,Bachelor,94893
30,9,PhD,98701
25,4,Bachelor,63287
28,7,Bachelor,77911
30,1,Master,67920
47,26,Bachelor,151716
38,9,Master,87249
29,8,HighSchool,69526
60,17,Bachelor,124532
35,14,Bachelor,102761
22,1,HighSchool,44276
51,8,Bachelor,88407
51,23,HighSchool,129348
52,30,HighSchool,151166
35,2,Bachelor,65373
21,0,PhD,61146
33,12,HighSchool,90689
49,28,Bachelor,152823
50,15,Bachelor,115217
23,2,Master,59732
41,20,Bachelor,127664
57,36,Bachelor,190008
23,2,HighSchool,42985
23,2,Bachelor,49981
23,2,Bachelor,56036
24,3,Bachelor,54021
40,18,Bachelor,114921
39,18,PhD,140804
54,9,Bachelor,94085
49,5,Master,78854
32,11,PhD,112905
55,8,Bachelor,85799
49,1,HighSchool,54671
33,12,HighSchool,80809
31,7,HighSchool,68570
49,28,Bachelor,156082
45,24,Bachelor,134119
45,24,Bachelor,144087
31,10,Bachelor,86305
30,9,Master,84430
24,3,Bachelor,59462
49,18,Bachelor,114426
29,8,HighSchool,72040
37,0,Bachelor,57515
52,31,Master,179461
52,15,Bachelor,114304
51,29,Bachelor,153300
59,38,HighSchool,193953
56,17,Bachelor,121634
34,3,HighSchool,45402
43,2,HighSchool,46031
57,36,Bachelor,194579
26,3,HighSchool,43420
31,10,Bachelor,86829
59,36,Master,193406
50,29,Bachelor,152087
26,5,Bachelor,70205
45,4,Master,85316
56,4,Bachelor,69204
28,7,Bachelor,70279
54,13,Master,117527
24,3,Bachelor,57805
54,5,Bachelor,80782
59,18,Bachelor,131390
41,16,Bachelor,111711
43,8,Bachelor,82632
54,33,Bachelor,180737
32,11,Bachelor,84259
33,0,HighSchool,41116
28,7,Master,80293
47,2,Bachelor,64681
34,0,Bachelor,53305
39,16,Master,115542
40,19,Bachelor,124067
21,0,Master,51092
46,25,Bachelor,135977
32,11,Bachelor,85036
51,30,Master,176078
29,8,HighSchool,67046
55,21,Bachelor,139339
47,3,Master,73904
57,20,Bachelor,123806
34,13,Master,110599
43,4,PhD,87095
22,1,PhD,71764
55,10,Bachelor,93882
32,11,HighSchool,84317
40,19,Master,125948
47,5,Bachelor,69893
44,23,Master,142458
34,13,Bachelor,89338
44,2,Master,78964
26,5,Bachelor,68591
51,30,HighSchool,153072
51,30,Bachelor,160863
30,6,Master,86368
54,8,Bachelor,80598
50,24,Master,152558
28,0,Bachelor,39721
59,5,Bachelor,86568
23,2,Bachelor,54296
40,1,Bachelor,53614
34,13,Bachelor,92195
38,17,Bachelor,110727
28,7,HighSchool,59983
28,0,PhD,70168
53,6,Bachelor,78239
56,20,Bachelor,138454
39,18,Bachelor,108667
40,19,Master,130356
49,3,HighSchool,59712
24,3,Bachelor,48910
48,25,HighSchool,138266
58,37,Master,204958
49,28,Bachelor,152944
33,12,HighSchool,90618
50,29,HighSchool,156817
50,6,Bachelor,82214
50,29,Bachelor,155166
30,9,Bachelor,77454
46,11,Master,107398
42,20,Bachelor,116495
25,4,HighSchool,51342
50,10,Bachelor,90711
59,36,HighSchool,174186
46,6,Bachelor,79640
25,4,Bachelor,58066
58,26,Bachelor,148992
56,10,PhD,116288
25,4,Bachelor,62871
58,27,Master,165632
57,21,Bachelor,130869
32,4,Master,76663
57,31,HighSchool,163766
50,20,Bachelor,133468
49,11,Bachelor,94648
25,4,HighSchool,56837
59,24,Bachelor,149067
24,3,Bachelor,49776
58,37,Master,205903
30,9,Bachelor,76275
45,24,Bachelor,134705
34,13,Bachelor,100514
40,19,Master,136493
43,5,Bachelor,74018
53,25,Master,162967
39,3,Bachelor,63992
24,0,Master,60447
43,7,Master,95183
22,1,Bachelor,49169
46,25,Bachelor,141771
46,24,Bachelor,135460
32,11,HighSchool,80600
45,23,Master,140527
39,8,HighSchool,65675
22,1,Master,57474
48,8,HighSchool,79522
47,26,Master,160893
59,27,Bachelor,156444
53,27,Bachelor,153373
45,22,Bachelor,131459
59,0,Bachelor,68374
36,15,Bachelor,110680
55,34,Bachelor,172120
57,30,Master,170354
58,30,PhD,182311
30,9,PhD,105797
38,17,Bachelor,112074
60,5,Bachelor,82832
25,4,Bachelor,60996
40,19,HighSchool,109128
55,0,Bachelor,60899
51,30,Master,172397
43,18,Bachelor,110078
59,19,Master,140235
37,3,Bachelor,63472
31,10,HighSchool,72280
60,1,Bachelor,59851
29,8,HighSchool,72341
38,16,HighSchool,96603
38,16,HighSchool,93827
59,11,PhD,127107
30,9,Bachelor,74373
37,15,Bachelor,109096
54,2,Bachelor,60382
30,9,PhD,96025
52,26,Master,155898
49,28,HighSchool,148965
43,3,Bachelor,69377
28,3,HighSchool,48033
51,19,Bachelor,132536
55,14,Bachelor,113060
45,24,Bachelor,140190
48,0,Bachelor,62063
49,24,Master,159257
54,2,HighSchool,59704
43,22,Bachelor,134183
38,17,Bachelor,116645
27,6,Master,75908
50,15,Master,122145
33,12,Bachelor,94809
32,11,Bachelor,90523
21,0,HighSchool,29100
54,6,Master,88759
35,14,Bachelor,92057
22,1,HighSchool,46876
59,13,PhD,132454
28,7,HighSchool,65407
29,8,Master,92243
57,11,Master,113397
32,11,Bachelor,90321
25,4,Bachelor,56028
48,20,Bachelor,131791
25,4,Master,67771
45,21,PhD,147230
37,11,Bachelor,90056
33,12,Bachelor,94075
52,6,HighSchool,76594
48,13,Bachelor,96240
49,16,HighSchool,98694
25,4,Master,74234
49,1,Master,65438
21,0,Master,49865
30,9,PhD,102914
21,0,Master,58131
52,30,Bachelor,169828
25,4,Bachelor,57798
51,7,Bachelor,90319
43,21,Master,136563
24,3,PhD,80101
26,5,Bachelor,71243
42,5,Master,85959
39,12,HighSchool,79144
45,12,Bachelor,95891
27,6,Master,77470
26,5,Bachelor,58604
29,2,HighSchool,50292
58,15,Bachelor,107532
55,19,Bachelor,134809
49,1,HighSchool,45918
42,2,Bachelor,56468
54,29,PhD,189757
55,9,Master,97817
25,2,Master,62510
22,1,PhD,71631
23,2,Master,55638
21,0,Bachelor,50321
40,6,Bachelor,68796
58,4,Master,79742
28,7,Bachelor,73586
35,4,Master,73483
42,21,Bachelor,135488
57,34,HighSchool,178204
34,2,Bachelor,54496
25,4,Bachelor,63911
47,10,Master,102567
31,10,Bachelor,85035
23,2,HighSchool,49383
60,24,Master,149256
52,5,HighSchool,63439
26,5,Master,72319
51,8,Bachelor,88982
38,17,Bachelor,107419
32,11,Master,99269
32,11,Bachelor,80942
40,19,Bachelor,120637
36,12,HighSchool,85686
27,6,Bachelor,71970
55,32,Bachelor,177121
34,13,HighSchool,81346
30,9,Bachelor,74117
23,2,Bachelor,48170
34,13,Bachelor,97605
50,2,HighSchool,49859
55,11,HighSchool,83476
52,31,HighSchool,166164
36,15,Bachelor,100840
47,12,Master,115218
41,14,Master,109843
35,6,Bachelor,70259
33,12,Master,94704
51,30,Bachelor,170089
48,9,Bachelor,90484
50,11,Bachelor,90734
50,12,Bachelor,107983
38,12,Bachelor,86525
57,3,Bachelor,65820
50,29,Bachelor,163957
42,14,Master,114889
31,10,PhD,112336
31,10,PhD,111508
35,5,Bachelor,68548
52,13,Bachelor,110213
50,17,HighSchool,108514
36,15,Bachelor,104993
35,14,PhD,128470
57,0,Bachelor,54224
23,2,Master,61761
23,2,Bachelor,51352
27,6,Bachelor,60861
56,0,Master,69662
34,8,Bachelor,73916
26,1,Bachelor,46494
31,10,Master,97743
58,1,PhD,87098
29,8,HighSchool,73779
44,23,Bachelor,137877
21,0,HighSchool,42138
42,21,HighSchool,118477
38,17,Bachelor,116516
34,5,Bachelor,65000
24,3,PhD,80553
44,3,HighSchool,55489
50,29,HighSchool,149503
32,11,Master,98687
34,8,PhD,95909
55,7,Bachelor,89081
58,13,Master,121966
35,14,Bachelor,95880
53,27,Bachelor,147038
44,22,Bachelor,132215
54,7,Bachelor,85214
55,18,Bachelor,121531
25,4,Master,69001
26,5,Bachelor,58429
39,4,HighSchool,55021
28,7,Bachelor,77835
34,13,PhD,109871
39,18,PhD,138370
29,8,Bachelor,74772
22,1,HighSchool,31861
35,14,Bachelor,98245
58,21,Master,150391
41,20,Bachelor,126917
54,33,Bachelor,172482
57,8,Master,96521
31,10,Bachelor,81593
39,3,HighSchool,51659
50,10,Bachelor,87634
55,18,HighSchool,110373
30,9,Bachelor,72174
41,20,HighSchool,111766
44,11,Bachelor,97085
23,2,PhD,67923
44,23,Bachelor,130163
55,19,HighSchool,111408
46,25,Master,161028
50,20,HighSchool,127894
55,32,Bachelor,176058
39,18,Master,133386
57,9,Master,106936
49,21,Master,144987
51,2,HighSchool,58526
28,7,HighSchool,65617
35,14,Bachelor,96847
24,3,Bachelor,57058
54,14,Master,123568
38,12,HighSchool,86821
49,5,PhD,95462
33,12,Bachelor,93413
53,3,PhD,89915
46,9,Master,96506
44,23,Bachelor,132163
43,22,Bachelor,130800
56,5,Bachelor,85045
49,26,Master,155228
31,10,Master,92286
29,8,Bachelor,69853
34,13,Bachelor,101713
54,21,HighSchool,133230
58,24,HighSchool,136708
38,17,HighSchool,103071
57,8,HighSchool,87136
45,18,Bachelor,111191
40,19,Bachelor,120663
50,14,HighSchool,91040
30,9,Bachelor,81994
51,7,Master,99625
39,18,HighSchool,114356
36,1,HighSchool,43041
52,4,Bachelor,70927
58,30,Bachelor,173226
37,16,Master,125462
28,7,Bachelor,72925
22,1,HighSchool,32458
30,9,Bachelor,82858
29,8,HighSchool,63967
44,23,Bachelor,143149
43,3,Bachelor,65677
25,4,HighSchool,53789
32,6,Bachelor,64738
55,20,Master,146046
40,17,Master,125777
44,6,Bachelor,73761
30,0,HighSchool,36610
44,23,Bachelor,142588
31,6,Bachelor,69747
35,12,Master,103653
60,33,Master,192174
56,7,Bachelor,92508
25,4,Master,76629
22,1,Bachelor,50822
44,8,Master,99577
59,33,Master,185604
32,11,HighSchool,84845
28,7,HighSchool,66874
30,9,Bachelor,74938
29,5,Bachelor,69501
28,4,HighSchool,52934
48,2,HighSchool,48537
53,32,HighSchool,157448
37,2,HighSchool,53437
21,0,Master,60574
59,13,Bachelor,103277
32,11,HighSchool,73884
38,17,Bachelor,106130
53,32,Bachelor,172842
25,4,Master,74004
21,0,Bachelor,38638
39,10,PhD,110300
21,0,PhD,72581
53,30,Bachelor,166156
32,11,Master,91258
32,11,PhD,108448
34,13,Bachelor,89348
41,7,Bachelor,78515
29,8,Master,89046
39,18,Master,118847
41,20,HighSchool,112146
50,29,Master,172756
49,14,Bachelor,103261
48,12,Master,115659
51,23,HighSchool,134045
52,6,Bachelor,80563
26,5,HighSchool,54063
58,6,Master,99621
31,4,Bachelor,57761
